"sample_id"	"name"	"description"	"path"	"path_2"	"ncbi_accession"	"ncbi_query"	"ncbi_query_max"	"sequence_type"	"report_group_ids"	"color_by"	"ploidy"	"enabled"	"ref_contextual_usage"	"ref_enabled"	"sra_2"	"Organism"	"Platform"	"ReleaseDate"	"Sample.Name"	"SRA.Study"	"Sample_Name"	"strain"	"geo_loc_name_country"	"geo_loc_name_country_continent"	"geographic_location_.country_and.or_sea."	"Serovar"	"specific_host"	"Collection_Date"	"host_health_state"	"isolation_source"	"ENA_first_public"	"ENA_last_update"	"external_id"	"Scientific_Name"	"Submitter_Id"	"SRA_accession"	"Title"	"ref_ids"
"ERR025108"	"ERR025108"	"ERR025108"	""	""	"ERR025108"	""	"10"	"illumina"	"_no_group_defined_"	"geo_loc_name_country"	"1"	"TRUE"	"optional"	"TRUE"	"SAMEA882167"	"Klebsiella pneumoniae"	"ILLUMINA"	"2011-03-18T00:00:00Z"	"SAMEA882167"	"ERP000165"	"AJ256-sc-2010-05-07-30786"	"AJ256"	"Australia"	"Oceania"	"Australia"	"AJ256"	"Homo sapiens"	"2002"	"diseased"	"urine"	"2010-03-08T08:58:25Z"	"2018-03-09T09:52:02Z"	"SAMEA882167"	"Klebsiella pneumoniae"	"AJ256-sc-2010-05-07-30786"	""	""	""
"ERR024851"	"ERR024851"	"ERR024851"	""	""	"ERR024851"	""	"10"	"illumina"	"_no_group_defined_"	"geo_loc_name_country"	"1"	"TRUE"	"optional"	"TRUE"	"SAMEA882202"	"Klebsiella pneumoniae"	"ILLUMINA"	"2011-03-18T00:00:00Z"	"SAMEA882202"	"ERP000165"	"AJ158-sc-2010-05-07-30772"	"AJ158"	"Australia"	"Oceania"	"Australia"	"AJ158"	"Homo sapiens"	"2002"	"diseased"	"urine"	"2010-03-08T08:57:59Z"	"2018-03-09T09:52:01Z"	"SAMEA882202"	"Klebsiella pneumoniae"	"AJ158-sc-2010-05-07-30772"	""	""	""
"ERR025620"	"ERR025620"	"ERR025620"	""	""	"ERR025620"	""	"10"	"illumina"	"_no_group_defined_"	"geo_loc_name_country"	"1"	"TRUE"	"optional"	"TRUE"	"SAMEA882017"	"Klebsiella pneumoniae"	"ILLUMINA"	"2011-03-18T00:00:00Z"	"SAMEA882017"	"ERP000165"	"ERS012008"	"QMP Z4-702"	"USA"	"North America"	"USA"	"QMP Z4-702"	"Bovine"	"2006"	"diseased"	"sterile"	""	""	""	""	""	"ERS012008"	"Klebsiella pneumoniae"	""
"ERR025639"	"ERR025639"	"ERR025639"	""	""	"ERR025639"	""	"10"	"illumina"	"_no_group_defined_"	"geo_loc_name_country"	"1"	"TRUE"	"optional"	"TRUE"	"SAMEA881991"	"Klebsiella pneumoniae"	"ILLUMINA"	"2011-03-18T00:00:00Z"	"SAMEA881991"	"ERP000165"	"09_309B-sc-2010-06-22-227748"	"09-309B"	"Viet Nam"	"Asia"	"Viet Nam"	"09-309B"	"Homo sapiens"	"2009"	"diseased"	"respiratory"	"2011-02-14T17:17:44Z"	"2018-03-09T09:52:29Z"	"SAMEA881991"	"Klebsiella pneumoniae"	"09_309B-sc-2010-06-22-227748"	""	""	""
"ERR025518"	"ERR025518"	"ERR025518"	""	""	"ERR025518"	""	"10"	"illumina"	"_no_group_defined_"	"geo_loc_name_country"	"1"	"TRUE"	"optional"	"TRUE"	"SAMEA882086"	"Klebsiella pneumoniae"	"ILLUMINA"	"2011-03-18T00:00:00Z"	"SAMEA882086"	"ERP000165"	"EW_67_R_MAC-sc-2010-06-22-227588"	"EW-67-R-MAC"	"Viet Nam"	"Asia"	"Viet Nam"	"EW-67-R-MAC"	"Homo sapiens"	"2006"	"healthy"	"intestinal"	"2011-02-14T17:17:43Z"	"2018-03-09T09:52:29Z"	"SAMEA882086"	"Klebsiella pneumoniae"	"EW_67_R_MAC-sc-2010-06-22-227588"	""	""	""
"ERR025116"	"ERR025116"	"ERR025116"	""	""	"ERR025116"	""	"10"	"illumina"	"_no_group_defined_"	"geo_loc_name_country"	"1"	"TRUE"	"optional"	"TRUE"	"SAMEA882230"	"Klebsiella pneumoniae"	"ILLUMINA"	"2011-03-18T00:00:00Z"	"SAMEA882230"	"ERP000165"	"ERS011916"	"DM17337/04"	"Singapore"	"Asia"	"Singapore"	"DM17337/04"	"Homo sapiens"	"2004"	"diseased"	"respiratory"	""	""	""	""	""	"ERS011916"	"Klebsiella pneumoniae"	""
"ERR025132"	"ERR025132"	"ERR025132"	""	""	"ERR025132"	""	"10"	"illumina"	"_no_group_defined_"	"geo_loc_name_country"	"1"	"TRUE"	"optional"	"TRUE"	"SAMEA882143"	"Klebsiella pneumoniae"	"ILLUMINA"	"2011-03-18T00:00:00Z"	"SAMEA882143"	"ERP000165"	"QMP_M1_031-sc-2010-06-22-227664"	"QMP M1-031"	"USA"	"North America"	"USA"	"QMP M1-031"	"Bovine"	"2005"	"healthy"	"intestinal"	"2011-02-14T17:17:44Z"	"2018-03-09T09:52:29Z"	"SAMEA882143"	"Klebsiella pneumoniae"	"QMP_M1_031-sc-2010-06-22-227664"	""	""	""
"ERR024824"	"ERR024824"	"ERR024824"	""	""	"ERR024824"	""	"10"	"illumina"	"_no_group_defined_"	"geo_loc_name_country"	"1"	"TRUE"	"optional"	"TRUE"	"SAMEA882278"	"Klebsiella pneumoniae"	"ILLUMINA"	"2011-03-18T00:00:00Z"	"SAMEA882278"	"ERP000165"	"AJ006-sc-2010-05-07-30747"	"AJ006"	"Australia"	"Oceania"	"Australia"	"AJ006"	"Homo sapiens"	"2001"	"diseased"	"sterile"	"2010-03-08T08:57:13Z"	"2018-03-09T09:52:02Z"	"SAMEA882278"	"Klebsiella pneumoniae"	"AJ006-sc-2010-05-07-30747"	""	""	""
"ERR025536"	"ERR025536"	"ERR025536"	""	""	"ERR025536"	""	"10"	"illumina"	"_no_group_defined_"	"geo_loc_name_country"	"1"	"TRUE"	"optional"	"TRUE"	"SAMEA882181"	"Klebsiella pneumoniae"	"ILLUMINA"	"2011-03-18T00:00:00Z"	"SAMEA882181"	"ERP000165"	"QMP_B2_252-sc-2010-06-22-227617"	"QMP B2-252"	"USA"	"North America"	"USA"	"QMP B2-252"	"Bovine"	"2006"	"healthy"	"intestinal"	"2011-02-14T17:17:44Z"	"2018-03-09T09:52:29Z"	"SAMEA882181"	"Klebsiella pneumoniae"	"QMP_B2_252-sc-2010-06-22-227617"	""	""	""
"ERR025655"	"ERR025655"	"ERR025655"	""	""	"ERR025655"	""	"10"	"illumina"	"_no_group_defined_"	"geo_loc_name_country"	"1"	"TRUE"	"optional"	"TRUE"	"SAMEA882065"	"Klebsiella pneumoniae"	"ILLUMINA"	"2011-03-18T00:00:00Z"	"SAMEA882065"	"ERP000165"	"ERS012030"	"558m"	"Viet Nam"	"Asia"	"Viet Nam"	"558m"	"Homo sapiens"	"2009"	"diseased"	"sterile"	""	""	""	""	""	"ERS012030"	"Klebsiella pneumoniae"	""
"ERR025599"	"ERR025599"	"ERR025599"	""	""	"ERR025599"	""	"10"	"illumina"	"_no_group_defined_"	"geo_loc_name_country"	"1"	"TRUE"	"optional"	"TRUE"	"SAMEA881990"	"Klebsiella pneumoniae"	"ILLUMINA"	"2011-03-18T00:00:00Z"	"SAMEA881990"	"ERP000165"	"ERS011978"	"QMP M1-895"	"USA"	"North America"	"USA"	"QMP M1-895"	"Homo sapiens"	"2007"	"diseased"	"urine"	""	""	""	""	""	"ERS011978"	"Klebsiella pneumoniae"	""
"ERR025105"	"ERR025105"	"ERR025105"	""	""	"ERR025105"	""	"10"	"illumina"	"_no_group_defined_"	"geo_loc_name_country"	"1"	"TRUE"	"optional"	"TRUE"	"SAMEA882170"	"Klebsiella pneumoniae"	"ILLUMINA"	"2011-03-18T00:00:00Z"	"SAMEA882170"	"ERP000165"	"ERS005781"	"AJ218"	"Australia"	"Oceania"	"Australia"	"AJ218"	"Homo sapiens"	"2002"	"diseased"	"urine"	""	""	""	""	""	"ERS005781"	"Klebsiella pneumoniae"	""
"ERR025667"	"ERR025667"	"ERR025667"	""	""	"ERR025667"	""	"10"	"illumina"	"_no_group_defined_"	"geo_loc_name_country"	"1"	"TRUE"	"optional"	"TRUE"	"SAMEA882215"	"Klebsiella pneumoniae"	"ILLUMINA"	"2011-03-18T00:00:00Z"	"SAMEA882215"	"ERP000165"	"ERS012041"	"1612"	"Indonesia"	"Asia"	"Indonesia"	"1612"	"Homo sapiens"	"2005"	"diseased"	"sterile"	""	""	""	""	""	"ERS012041"	"Klebsiella pneumoniae"	""
"ERR025144"	"ERR025144"	"ERR025144"	""	""	"ERR025144"	""	"10"	"illumina"	"_no_group_defined_"	"geo_loc_name_country"	"1"	"TRUE"	"optional"	"TRUE"	"SAMEA882216"	"Klebsiella pneumoniae"	"ILLUMINA"	"2011-03-18T00:00:00Z"	"SAMEA882216"	"ERP000165"	"QMP_M1_222-sc-2010-06-22-227675"	"QMP M1-562"	"USA"	"North America"	"USA"	"QMP M1-562"	"Bovine"	"2005"	"diseased"	"sterile"	"2011-02-14T17:17:44Z"	"2018-03-09T09:52:29Z"	"SAMEA882216"	"Klebsiella pneumoniae"	"QMP_M1_222-sc-2010-06-22-227675"	""	""	""
"ERR024843"	"ERR024843"	"ERR024843"	""	""	"ERR024843"	""	"10"	"illumina"	"_no_group_defined_"	"geo_loc_name_country"	"1"	"TRUE"	"optional"	"TRUE"	"SAMEA882041"	"Klebsiella pneumoniae"	"ILLUMINA"	"2011-03-18T00:00:00Z"	"SAMEA882041"	"ERP000165"	"ERS005765"	"AJ155"	"Australia"	"Oceania"	"Australia"	"AJ155"	"Homo sapiens"	"2002"	"diseased"	""	""	""	""	""	""	"ERS005765"	"Klebsiella pneumoniae"	""
"ERR025995"	"ERR025995"	"ERR025995"	""	""	"ERR025995"	""	"10"	"illumina"	"_no_group_defined_"	"geo_loc_name_country"	"1"	"TRUE"	"optional"	"TRUE"	"SAMEA882190"	"Klebsiella pneumoniae"	"ILLUMINA"	"2011-03-18T00:00:00Z"	"SAMEA882190"	"ERP000165"	"1896_0-sc-2010-06-22-227781"	"1896"	"Indonesia"	"Asia"	"Indonesia"	"1896"	"Homo sapiens"	"2005"	"diseased"	"sterile"	"2011-02-14T17:17:45Z"	"2018-03-09T09:52:30Z"	"SAMEA882190"	"Klebsiella pneumoniae"	"1896_0-sc-2010-06-22-227781"	""	""	""
"ERR025468"	"ERR025468"	"ERR025468"	""	""	"ERR025468"	""	"10"	"illumina"	"_no_group_defined_"	"geo_loc_name_country"	"1"	"TRUE"	"optional"	"TRUE"	"SAMEA882205"	"Klebsiella pneumoniae"	"ILLUMINA"	"2011-03-18T00:00:00Z"	"SAMEA882205"	"ERP000165"	"07_0003m-sc-2010-06-22-227530"	"07-0003m"	"Viet Nam"	"Asia"	"Viet Nam"	"07-0003m"	"Homo sapiens"	"2007"	"diseased"	"sterile"	"2011-02-14T17:17:44Z"	"2018-03-09T09:52:29Z"	"SAMEA882205"	"Klebsiella pneumoniae"	"07_0003m-sc-2010-06-22-227530"	""	""	""
"ERR024838"	"ERR024838"	"ERR024838"	""	""	"ERR024838"	""	"10"	"illumina"	"_no_group_defined_"	"geo_loc_name_country"	"1"	"TRUE"	"optional"	"TRUE"	"SAMEA881993"	"Klebsiella pneumoniae"	"ILLUMINA"	"2011-03-18T00:00:00Z"	"SAMEA881993"	"ERP000165"	"ERS005758"	"AJ064"	"Australia"	"Oceania"	"Australia"	"AJ064"	"Homo sapiens"	"2001"	"diseased"	"urine"	""	""	""	""	""	"ERS005758"	"Klebsiella pneumoniae"	""
"ERR025497"	"ERR025497"	"ERR025497"	""	""	"ERR025497"	""	"10"	"illumina"	"_no_group_defined_"	"geo_loc_name_country"	"1"	"TRUE"	"optional"	"TRUE"	"SAMEA882153"	"Klebsiella pneumoniae"	"ILLUMINA"	"2011-03-18T00:00:00Z"	"SAMEA882153"	"ERP000165"	"K296N-sc-2010-06-22-227569"	"K296N"	"Viet Nam"	"Asia"	"Viet Nam"	"K296N"	"Homo sapiens"	"2005"	"healthy"	"respiratory"	"2011-02-14T17:17:44Z"	"2018-03-09T09:52:29Z"	"SAMEA882153"	"Klebsiella pneumoniae"	"K296N-sc-2010-06-22-227569"	""	""	""
"ERR025992"	"ERR025992"	"ERR025992"	""	""	"ERR025992"	""	"10"	"illumina"	"_no_group_defined_"	"geo_loc_name_country"	"1"	"TRUE"	"optional"	"TRUE"	"SAMEA882239"	"Klebsiella pneumoniae"	"ILLUMINA"	"2011-03-18T00:00:00Z"	"SAMEA882239"	"ERP000165"	"ERS012046"	"1824"	"Indonesia"	"Asia"	"Indonesia"	"1824"	"Homo sapiens"	"2005"	"diseased"	"sterile"	""	""	""	""	""	"ERS012046"	"Klebsiella pneumoniae"	""
"ERR025524"	"ERR025524"	"ERR025524"	""	""	"ERR025524"	""	"10"	"illumina"	"_no_group_defined_"	"geo_loc_name_country"	"1"	"TRUE"	"optional"	"TRUE"	"SAMEA882286"	"Klebsiella pneumoniae"	"ILLUMINA"	"2011-03-18T00:00:00Z"	"SAMEA882286"	"ERP000165"	"206535_0-sc-2010-06-22-227594"	"206535"	"USA"	"North America"	"USA"	"206535"	"Monkey"	"2008"	"healthy"	"intestinal"	"2011-02-14T17:17:43Z"	"2018-03-09T09:52:29Z"	"SAMEA882286"	"Klebsiella pneumoniae"	"206535_0-sc-2010-06-22-227594"	""	""	""
"ERR025647"	"ERR025647"	"ERR025647"	""	""	"ERR025647"	""	"10"	"illumina"	"_no_group_defined_"	"geo_loc_name_country"	"1"	"TRUE"	"optional"	"TRUE"	"SAMEA882062"	"Klebsiella pneumoniae"	"ILLUMINA"	"2011-03-18T00:00:00Z"	"SAMEA882062"	"ERP000165"	"ERS012033"	"1523"	"Indonesia"	"Asia"	"Indonesia"	"1523"	"Homo sapiens"	"2005"	"diseased"	"sterile"	""	""	""	""	""	"ERS012033"	"Klebsiella pneumoniae"	""
"ERR024819"	"ERR024819"	"ERR024819"	""	""	"ERR024819"	""	"10"	"illumina"	"_no_group_defined_"	"geo_loc_name_country"	"1"	"TRUE"	"optional"	"TRUE"	"SAMEA882002"	"Klebsiella pneumoniae"	"ILLUMINA"	"2011-03-18T00:00:00Z"	"SAMEA882002"	"ERP000165"	"ERS005751"	"AJ034"	"Australia"	"Oceania"	"Australia"	"AJ034"	"Homo sapiens"	"2001"	"diseased"	"urine"	""	""	""	""	""	"ERS005751"	"Klebsiella pneumoniae"	""
"ERR025152"	"ERR025152"	"ERR025152"	""	""	"ERR025152"	""	"10"	"illumina"	"_no_group_defined_"	"geo_loc_name_country"	"1"	"TRUE"	"optional"	"TRUE"	"SAMEA882023"	"Klebsiella pneumoniae"	"ILLUMINA"	"2011-03-18T00:00:00Z"	"SAMEA882023"	"ERP000165"	"ERS011960"	"QMP M1-415"	"USA"	"North America"	"USA"	"QMP M1-415"	"Environmental"	"2005"	""	"environment"	""	""	""	""	""	"ERS011960"	"Klebsiella pneumoniae"	""
"ERR025535"	"ERR025535"	"ERR025535"	""	""	"ERR025535"	""	"10"	"illumina"	"_no_group_defined_"	"geo_loc_name_country"	"1"	"TRUE"	"optional"	"TRUE"	"SAMEA882057"	"Klebsiella pneumoniae"	"ILLUMINA"	"2011-03-18T00:00:00Z"	"SAMEA882057"	"ERP000165"	"ERS011883"	"UI 2213"	"Laos"	"Asia"	"Laos"	"UI 2213"	"Homo sapiens"	"2002"	"diseased"	"sterile"	""	""	""	""	""	"ERS011883"	"Klebsiella pneumoniae"	""
"ERR025994"	"ERR025994"	"ERR025994"	""	""	"ERR025994"	""	"10"	"illumina"	"_no_group_defined_"	"geo_loc_name_country"	"1"	"TRUE"	"optional"	"TRUE"	"SAMEA882258"	"Klebsiella pneumoniae"	"ILLUMINA"	"2011-03-18T00:00:00Z"	"SAMEA882258"	"ERP000165"	"1884_0-sc-2010-06-22-227780"	"1884"	"Indonesia"	"Asia"	"Indonesia"	"1884"	"Homo sapiens"	"2005"	"diseased"	"sterile"	"2011-02-14T17:17:45Z"	"2018-03-09T09:52:30Z"	"SAMEA882258"	"Klebsiella pneumoniae"	"1884_0-sc-2010-06-22-227780"	""	""	""
"ERR025662"	"ERR025662"	"ERR025662"	""	""	"ERR025662"	""	"10"	"illumina"	"_no_group_defined_"	"geo_loc_name_country"	"1"	"TRUE"	"optional"	"TRUE"	"SAMEA882067"	"Klebsiella pneumoniae"	"ILLUMINA"	"2011-03-18T00:00:00Z"	"SAMEA882067"	"ERP000165"	"ERS012036"	"1557"	"Indonesia"	"Asia"	"Indonesia"	"1557"	"Homo sapiens"	"2005"	"diseased"	"urine"	""	""	""	""	""	"ERS012036"	"Klebsiella pneumoniae"	""
"ERR025984"	"ERR025984"	"ERR025984"	""	""	"ERR025984"	""	"10"	"illumina"	"_no_group_defined_"	"geo_loc_name_country"	"1"	"TRUE"	"optional"	"TRUE"	"SAMEA882019"	"Klebsiella pneumoniae"	"ILLUMINA"	"2011-03-18T00:00:00Z"	"SAMEA882019"	"ERP000165"	"QMP_M1_822-sc-2010-06-22-227697"	"QMP M1-822"	"USA"	"North America"	"USA"	"QMP M1-822"	"Bovine"	"2006"	"diseased"	"sterile"	"2011-02-14T17:17:44Z"	"2018-03-09T09:52:29Z"	"SAMEA882019"	"Klebsiella pneumoniae"	"QMP_M1_822-sc-2010-06-22-227697"	""	""	""
"ERR025135"	"ERR025135"	"ERR025135"	""	""	"ERR025135"	""	"10"	"illumina"	"_no_group_defined_"	"geo_loc_name_country"	"1"	"TRUE"	"optional"	"TRUE"	"SAMEA882140"	"Klebsiella pneumoniae"	"ILLUMINA"	"2011-03-18T00:00:00Z"	"SAMEA882140"	"ERP000165"	"QMP_M1_044-sc-2010-06-22-227667"	"QMP M1-044"	"USA"	"North America"	"USA"	"QMP M1-044"	"Bovine"	"2005"	"healthy"	"intestinal"	"2011-02-14T17:17:44Z"	"2018-03-09T09:52:29Z"	"SAMEA882140"	"Klebsiella pneumoniae"	"QMP_M1_044-sc-2010-06-22-227667"	""	""	""
"ERR025484"	"ERR025484"	"ERR025484"	""	""	"ERR025484"	""	"10"	"illumina"	"_no_group_defined_"	"geo_loc_name_country"	"1"	"TRUE"	"optional"	"TRUE"	"SAMEA882245"	"Klebsiella pneumoniae"	"ILLUMINA"	"2011-03-18T00:00:00Z"	"SAMEA882245"	"ERP000165"	"QMP_B2_176-sc-2010-06-22-227545"	"QMP B2-176"	"USA"	"North America"	"USA"	"QMP B2-176"	"Bovine"	"2006"	"diseased"	"sterile"	"2011-02-14T17:17:44Z"	"2018-03-09T09:52:29Z"	"SAMEA882245"	"Klebsiella pneumoniae"	"QMP_B2_176-sc-2010-06-22-227545"	""	""	""
"ERR025581"	"ERR025581"	"ERR025581"	""	""	"ERR025581"	""	"10"	"illumina"	"_no_group_defined_"	"geo_loc_name_country"	"1"	"TRUE"	"optional"	"TRUE"	"SAMEA882111"	"Klebsiella pneumoniae"	"ILLUMINA"	"2011-03-18T00:00:00Z"	"SAMEA882111"	"ERP000165"	"UI_14245-sc-2010-06-22-227633"	"UI 14245"	"Laos"	"Asia"	"Laos"	"UI 14245"	"Homo sapiens"	""	"diseased"	"sterile"	"2011-02-14T17:17:44Z"	"2018-03-09T09:52:29Z"	"SAMEA882111"	"Klebsiella pneumoniae"	"UI_14245-sc-2010-06-22-227633"	""	""	""
"ERR025531"	"ERR025531"	"ERR025531"	""	""	"ERR025531"	""	"10"	"illumina"	"_no_group_defined_"	"geo_loc_name_country"	"1"	"TRUE"	"optional"	"TRUE"	"SAMEA882008"	"Klebsiella pneumoniae"	"ILLUMINA"	"2011-03-18T00:00:00Z"	"SAMEA882008"	"ERP000165"	"U_13792_2-sc-2010-06-22-227612"	"U 13792/2"	"Laos"	"Asia"	"Laos"	"U 13792/2"	"Homo sapiens"	"2009"	"diseased"	"urine"	"2011-02-14T17:17:44Z"	"2018-03-09T09:52:29Z"	"SAMEA882008"	"Klebsiella pneumoniae"	"U_13792_2-sc-2010-06-22-227612"	""	""	""
"ERR025629"	"ERR025629"	"ERR025629"	""	""	"ERR025629"	""	"10"	"illumina"	"_no_group_defined_"	"geo_loc_name_country"	"1"	"TRUE"	"optional"	"TRUE"	"SAMEA882031"	"Klebsiella pneumoniae"	"ILLUMINA"	"2011-03-18T00:00:00Z"	"SAMEA882031"	"ERP000165"	"QMP_M1_868-sc-2010-06-22-227739"	"QMP M1-868"	"USA"	"North America"	"USA"	"QMP M1-868"	"Homo sapiens"	"2006"	"diseased"	"sterile"	"2011-02-14T17:17:44Z"	"2018-03-09T09:52:29Z"	"SAMEA882031"	"Klebsiella pneumoniae"	"QMP_M1_868-sc-2010-06-22-227739"	""	""	""
"ERR025547"	"ERR025547"	"ERR025547"	""	""	"ERR025547"	""	"10"	"illumina"	"_no_group_defined_"	"geo_loc_name_country"	"1"	"TRUE"	"optional"	"TRUE"	"SAMEA882113"	"Klebsiella pneumoniae"	"ILLUMINA"	"2011-03-18T00:00:00Z"	"SAMEA882113"	"ERP000165"	"ERS011906"	"DR5092/05"	"Singapore"	"Asia"	"Singapore"	"DR5092/05"	"Homo sapiens"	"2005"	"healthy"	"intestinal"	""	""	""	""	""	"ERS011906"	"Klebsiella pneumoniae"	""
"ERR025107"	"ERR025107"	"ERR025107"	""	""	"ERR025107"	""	"10"	"illumina"	"_no_group_defined_"	"geo_loc_name_country"	"1"	"TRUE"	"optional"	"TRUE"	"SAMEA882172"	"Klebsiella pneumoniae"	"ILLUMINA"	"2011-03-18T00:00:00Z"	"SAMEA882172"	"ERP000165"	"AJ229-sc-2010-05-07-30785"	"AJ229"	"Australia"	"Oceania"	"Australia"	"AJ229"	"Homo sapiens"	"2002"	"diseased"	"urine"	"2010-03-08T08:58:24Z"	"2018-03-09T09:52:01Z"	"SAMEA882172"	"Klebsiella pneumoniae"	"AJ229-sc-2010-05-07-30785"	""	""	""
"ERR025534"	"ERR025534"	"ERR025534"	""	""	"ERR025534"	""	"10"	"illumina"	"_no_group_defined_"	"geo_loc_name_country"	"1"	"TRUE"	"optional"	"TRUE"	"SAMEA882254"	"Klebsiella pneumoniae"	"ILLUMINA"	"2011-03-18T00:00:00Z"	"SAMEA882254"	"ERP000165"	"ERS011882"	"UI 522"	"Laos"	"Asia"	"Laos"	"UI 522"	"Homo sapiens"	"2000"	"diseased"	"sterile"	""	""	""	""	""	"ERS011882"	"Klebsiella pneumoniae"	""
"ERR025988"	"ERR025988"	"ERR025988"	""	""	"ERR025988"	""	"10"	"illumina"	"_no_group_defined_"	"geo_loc_name_country"	"1"	"TRUE"	"optional"	"TRUE"	"SAMEA882028"	"Klebsiella pneumoniae"	"ILLUMINA"	"2011-03-18T00:00:00Z"	"SAMEA882028"	"ERP000165"	"QMP_M1_882-sc-2010-06-22-227701"	"QMP M1-882"	"USA"	"North America"	"USA"	"QMP M1-882"	"Homo sapiens"	"2007"	"diseased"	"urine"	"2011-02-14T17:17:45Z"	"2018-03-09T09:52:30Z"	"SAMEA882028"	"Klebsiella pneumoniae"	"QMP_M1_882-sc-2010-06-22-227701"	""	""	""
"ERR025641"	"ERR025641"	"ERR025641"	""	""	"ERR025641"	""	"10"	"illumina"	"_no_group_defined_"	"geo_loc_name_country"	"1"	"TRUE"	"optional"	"TRUE"	"SAMEA882054"	"Klebsiella pneumoniae"	"ILLUMINA"	"2011-03-18T00:00:00Z"	"SAMEA882054"	"ERP000165"	"09_2072m-sc-2010-06-22-227750"	"09-2072m"	"Viet Nam"	"Asia"	"Viet Nam"	"09-2072m"	"Homo sapiens"	"2009"	"diseased"	"sterile"	"2011-02-14T17:17:44Z"	"2018-03-09T09:52:29Z"	"SAMEA882054"	"Klebsiella pneumoniae"	"09_2072m-sc-2010-06-22-227750"	""	""	""
"ERR025980"	"ERR025980"	"ERR025980"	""	""	"ERR025980"	""	"10"	"illumina"	"_no_group_defined_"	"geo_loc_name_country"	"1"	"TRUE"	"optional"	"TRUE"	"SAMEA881982"	"Klebsiella pneumoniae"	"ILLUMINA"	"2011-03-18T00:00:00Z"	"SAMEA881982"	"ERP000165"	"ERS011971"	"QMP M1-886"	"USA"	"North America"	"USA"	"QMP M1-886"	"Homo sapiens"	"2007"	"diseased"	"urine"	""	""	""	""	""	"ERS011971"	"Klebsiella pneumoniae"	""
"ERR025540"	"ERR025540"	"ERR025540"	""	""	"ERR025540"	""	"10"	"illumina"	"_no_group_defined_"	"geo_loc_name_country"	"1"	"TRUE"	"optional"	"TRUE"	"SAMEA882109"	"Klebsiella pneumoniae"	"ILLUMINA"	"2011-03-18T00:00:00Z"	"SAMEA882109"	"ERP000165"	"DM23092_04-sc-2010-06-22-227635"	"DM23092/04"	"Singapore"	"Asia"	"Singapore"	"DM23092/04"	"Homo sapiens"	"2004"	"diseased"	""	"2011-02-14T17:17:44Z"	"2018-03-09T09:52:29Z"	"SAMEA882109"	"Klebsiella pneumoniae"	"DM23092_04-sc-2010-06-22-227635"	""	""	""
"ERR024823"	"ERR024823"	"ERR024823"	""	""	"ERR024823"	""	"10"	"illumina"	"_no_group_defined_"	"geo_loc_name_country"	"1"	"TRUE"	"optional"	"TRUE"	"SAMEA882279"	"Klebsiella pneumoniae"	"ILLUMINA"	"2011-03-18T00:00:00Z"	"SAMEA882279"	"ERP000165"	"AJ054-sc-2010-05-07-30746"	"AJ054"	"Australia"	"Oceania"	"Australia"	"AJ054"	"Homo sapiens"	"2001"	"diseased"	"urine"	"2010-03-08T08:57:11Z"	"2018-03-09T09:52:03Z"	"SAMEA882279"	"Klebsiella pneumoniae"	"AJ054-sc-2010-05-07-30746"	""	""	""
"ERR025544"	"ERR025544"	"ERR025544"	""	""	"ERR025544"	""	"10"	"illumina"	"_no_group_defined_"	"geo_loc_name_country"	"1"	"TRUE"	"optional"	"TRUE"	"SAMEA882110"	"Klebsiella pneumoniae"	"ILLUMINA"	"2011-03-18T00:00:00Z"	"SAMEA882110"	"ERP000165"	"ERS011903"	"DB44834/96"	"Singapore"	"Asia"	"Singapore"	"DB44834/96"	"Homo sapiens"	"1996"	"diseased"	"sterile"	""	""	""	""	""	"ERS011903"	"Klebsiella pneumoniae"	""
"ERR025485"	"ERR025485"	"ERR025485"	""	""	"ERR025485"	""	"10"	"illumina"	"_no_group_defined_"	"geo_loc_name_country"	"1"	"TRUE"	"optional"	"TRUE"	"SAMEA882246"	"Klebsiella pneumoniae"	"ILLUMINA"	"2011-03-18T00:00:00Z"	"SAMEA882246"	"ERP000165"	"K21Sp-sc-2010-06-22-227546"	"K21Sp"	"Viet Nam"	"Asia"	"Viet Nam"	"K21Sp"	"Homo sapiens"	"2004"	"healthy"	"respiratory"	"2011-02-14T17:17:43Z"	"2018-03-09T09:52:29Z"	"SAMEA882246"	"Klebsiella pneumoniae"	"K21Sp-sc-2010-06-22-227546"	""	""	""
"ERR025654"	"ERR025654"	"ERR025654"	""	""	"ERR025654"	""	"10"	"illumina"	"_no_group_defined_"	"geo_loc_name_country"	"1"	"TRUE"	"optional"	"TRUE"	"SAMEA882100"	"Klebsiella pneumoniae"	"ILLUMINA"	"2011-03-18T00:00:00Z"	"SAMEA882100"	"ERP000165"	"2358m-sc-2010-06-22-227762"	"2358m"	"Viet Nam"	"Asia"	"Viet Nam"	"2358m"	"Homo sapiens"	"2008"	"diseased"	"sterile"	"2011-02-14T17:17:44Z"	"2018-03-09T09:52:30Z"	"SAMEA882100"	"Klebsiella pneumoniae"	"2358m-sc-2010-06-22-227762"	""	""	""
"ERR025582"	"ERR025582"	"ERR025582"	""	""	"ERR025582"	""	"10"	"illumina"	"_no_group_defined_"	"geo_loc_name_country"	"1"	"TRUE"	"optional"	"TRUE"	"SAMEA882112"	"Klebsiella pneumoniae"	"ILLUMINA"	"2011-03-18T00:00:00Z"	"SAMEA882112"	"ERP000165"	"UI_15398-sc-2010-06-22-227634"	"UI 15398"	"Laos"	"Asia"	"Laos"	"UI 15398"	"Homo sapiens"	"2009"	"diseased"	"sterile"	"2011-02-14T17:17:43Z"	"2018-03-09T09:52:29Z"	"SAMEA882112"	"Klebsiella pneumoniae"	"UI_15398-sc-2010-06-22-227634"	""	""	""
"ERR025517"	"ERR025517"	"ERR025517"	""	""	"ERR025517"	""	"10"	"illumina"	"_no_group_defined_"	"geo_loc_name_country"	"1"	"TRUE"	"optional"	"TRUE"	"SAMEA882027"	"Klebsiella pneumoniae"	"ILLUMINA"	"2011-03-18T00:00:00Z"	"SAMEA882027"	"ERP000165"	"85997_0-sc-2010-06-22-227598"	"85997"	"USA"	"North America"	"USA"	"85997"	"Sea mammal"	"2008"	"diseased"	"sterile"	"2011-02-14T17:17:43Z"	"2018-03-09T09:52:28Z"	"SAMEA882027"	"Klebsiella pneumoniae"	"85997_0-sc-2010-06-22-227598"	""	""	""
"ERR025140"	"ERR025140"	"ERR025140"	""	""	"ERR025140"	""	"10"	"illumina"	"_no_group_defined_"	"geo_loc_name_country"	"1"	"TRUE"	"optional"	"TRUE"	"SAMEA882263"	"Klebsiella pneumoniae"	"ILLUMINA"	"2011-03-18T00:00:00Z"	"SAMEA882263"	"ERP000165"	"QMP_M1_428-sc-2010-06-22-227682"	"QMP M1-771"	"USA"	"North America"	"USA"	"QMP M1-771"	"Homo sapiens"	"2006"	"diseased"	"sterile"	"2011-02-14T17:17:44Z"	"2018-03-09T09:52:29Z"	"SAMEA882263"	"Klebsiella pneumoniae"	"QMP_M1_428-sc-2010-06-22-227682"	""	""	""
"ERR025564"	"ERR025564"	"ERR025564"	""	""	"ERR025564"	""	"10"	"illumina"	"_no_group_defined_"	"geo_loc_name_country"	"1"	"TRUE"	"optional"	"TRUE"	"SAMEA882122"	"Klebsiella pneumoniae"	"ILLUMINA"	"2011-03-18T00:00:00Z"	"SAMEA882122"	"ERP000165"	"K242An-sc-2010-06-22-227559"	"K242An"	"Viet Nam"	"Asia"	"Viet Nam"	"K242An"	"Homo sapiens"	"2005"	"healthy"	"intestinal"	"2011-02-14T17:17:43Z"	"2018-03-09T09:52:28Z"	"SAMEA882122"	"Klebsiella pneumoniae"	"K242An-sc-2010-06-22-227559"	""	""	""
"ERR025610"	"ERR025610"	"ERR025610"	""	""	"ERR025610"	""	"10"	"illumina"	"_no_group_defined_"	"geo_loc_name_country"	"1"	"TRUE"	"optional"	"TRUE"	"SAMEA882255"	"Klebsiella pneumoniae"	"ILLUMINA"	"2011-03-18T00:00:00Z"	"SAMEA882255"	"ERP000165"	"ERS011988"	"QMP M1-975"	"USA"	"North America"	"USA"	"QMP M1-975"	"Homo sapiens"	"2007"	"healthy"	"intestinal biopsy"	""	""	""	""	""	"ERS011988"	"Klebsiella pneumoniae"	""
"ERR025512"	"ERR025512"	"ERR025512"	""	""	"ERR025512"	""	"10"	"illumina"	"_no_group_defined_"	"geo_loc_name_country"	"1"	"TRUE"	"optional"	"TRUE"	"SAMEA882081"	"Klebsiella pneumoniae"	"ILLUMINA"	"2011-03-18T00:00:00Z"	"SAMEA882081"	"ERP000165"	"EW_20_R_MAC_1-sc-2010-06-22-227583"	"EW-20-R-MAC-1"	"Viet Nam"	"Asia"	"Viet Nam"	"EW-20-R-MAC-1"	"Homo sapiens"	"2006"	"healthy"	"intestinal"	"2011-02-14T17:17:43Z"	"2018-03-09T09:52:28Z"	"SAMEA882081"	"Klebsiella pneumoniae"	"EW_20_R_MAC_1-sc-2010-06-22-227583"	""	""	""
"ERR025627"	"ERR025627"	"ERR025627"	""	""	"ERR025627"	""	"10"	"illumina"	"_no_group_defined_"	"geo_loc_name_country"	"1"	"TRUE"	"optional"	"TRUE"	"SAMEA882033"	"Klebsiella pneumoniae"	"ILLUMINA"	"2011-03-18T00:00:00Z"	"SAMEA882033"	"ERP000165"	"QMP_M2_684-sc-2010-06-22-227737"	"QMP M2-684"	"USA"	"North America"	"USA"	"QMP M2-684"	"Bovine"	"2007"	"healthy"	"intestinal"	"2011-02-14T17:17:45Z"	"2018-03-09T09:52:30Z"	"SAMEA882033"	"Klebsiella pneumoniae"	"QMP_M2_684-sc-2010-06-22-227737"	""	""	""
"ERR025576"	"ERR025576"	"ERR025576"	""	""	"ERR025576"	""	"10"	"illumina"	"_no_group_defined_"	"geo_loc_name_country"	"1"	"TRUE"	"optional"	"TRUE"	"SAMEA882010"	"Klebsiella pneumoniae"	"ILLUMINA"	"2011-03-18T00:00:00Z"	"SAMEA882010"	"ERP000165"	"Pus_15987-sc-2010-06-22-227606"	"Pus 15987"	"Laos"	"Asia"	"Laos"	"Pus 15987"	"Homo sapiens"	"2009"	"diseased"	"sterile"	"2011-02-14T17:17:43Z"	"2018-03-09T09:52:29Z"	"SAMEA882010"	"Klebsiella pneumoniae"	"Pus_15987-sc-2010-06-22-227606"	""	""	""
"ERR025151"	"ERR025151"	"ERR025151"	""	""	"ERR025151"	""	"10"	"illumina"	"_no_group_defined_"	"geo_loc_name_country"	"1"	"TRUE"	"optional"	"TRUE"	"SAMEA882135"	"Klebsiella pneumoniae"	"ILLUMINA"	"2011-03-18T00:00:00Z"	"SAMEA882135"	"ERP000165"	"QMP_M1_765-sc-2010-06-22-227692"	"QMP M1-413"	"USA"	"North America"	"USA"	"QMP M1-413"	"Environmental"	"2005"	""	"environment"	"2011-02-14T17:17:44Z"	"2018-03-09T09:52:30Z"	"SAMEA882135"	"Klebsiella pneumoniae"	"QMP_M1_765-sc-2010-06-22-227692"	""	""	""
"ERR025486"	"ERR025486"	"ERR025486"	""	""	"ERR025486"	""	"10"	"illumina"	"_no_group_defined_"	"geo_loc_name_country"	"1"	"TRUE"	"optional"	"TRUE"	"SAMEA882217"	"Klebsiella pneumoniae"	"ILLUMINA"	"2011-03-18T00:00:00Z"	"SAMEA882217"	"ERP000165"	"ERS011814"	"K35N"	"Viet Nam"	"Asia"	"Viet Nam"	"K35N"	"Homo sapiens"	"2004"	"healthy"	"respiratory"	""	""	""	""	""	"ERS011814"	"Klebsiella pneumoniae"	""
"ERR024828"	"ERR024828"	"ERR024828"	""	""	"ERR024828"	""	"10"	"illumina"	"_no_group_defined_"	"geo_loc_name_country"	"1"	"TRUE"	"optional"	"TRUE"	"SAMEA882272"	"Klebsiella pneumoniae"	"ILLUMINA"	"2011-03-18T00:00:00Z"	"SAMEA882272"	"ERP000165"	"AJ031-sc-2010-05-07-30751"	"AJ031"	"Australia"	"Oceania"	"Australia"	"AJ031"	"Homo sapiens"	"2001"	"diseased"	"urine"	"2010-03-08T08:57:21Z"	"2018-03-09T09:52:18Z"	"SAMEA882272"	"Klebsiella pneumoniae"	"AJ031-sc-2010-05-07-30751"	""	""	""
"ERR025483"	"ERR025483"	"ERR025483"	""	""	"ERR025483"	""	"10"	"illumina"	"_no_group_defined_"	"geo_loc_name_country"	"1"	"TRUE"	"optional"	"TRUE"	"SAMEA882244"	"Klebsiella pneumoniae"	"ILLUMINA"	"2011-03-18T00:00:00Z"	"SAMEA882244"	"ERP000165"	"UV1714-sc-2010-06-22-227544"	"UV1714"	"Viet Nam"	"Asia"	"Viet Nam"	"UV1714"	"Homo sapiens"	"2007"	"diseased"	"respiratory"	"2011-02-14T17:17:43Z"	"2018-03-09T09:52:28Z"	"SAMEA882244"	"Klebsiella pneumoniae"	"UV1714-sc-2010-06-22-227544"	""	""	""
"ERR025462"	"ERR025462"	"ERR025462"	""	""	"ERR025462"	""	"10"	"illumina"	"_no_group_defined_"	"geo_loc_name_country"	"1"	"TRUE"	"optional"	"TRUE"	"SAMEA882097"	"Klebsiella pneumoniae"	"ILLUMINA"	"2011-03-18T00:00:00Z"	"SAMEA882097"	"ERP000165"	"59M-sc-2010-06-22-227527"	"59M"	"Viet Nam"	"Asia"	"Viet Nam"	"59M"	"Homo sapiens"	"2008"	"diseased"	"liver"	"2011-02-14T17:17:43Z"	"2018-03-09T09:52:28Z"	"SAMEA882097"	"Klebsiella pneumoniae"	"59M-sc-2010-06-22-227527"	""	""	""
"ERR025558"	"ERR025558"	"ERR025558"	""	""	"ERR025558"	""	"10"	"illumina"	"_no_group_defined_"	"geo_loc_name_country"	"1"	"TRUE"	"optional"	"TRUE"	"SAMEA882124"	"Klebsiella pneumoniae"	"ILLUMINA"	"2011-03-18T00:00:00Z"	"SAMEA882124"	"ERP000165"	"ERS011820"	"K113N"	"Viet Nam"	"Asia"	"Viet Nam"	"K113N"	"Homo sapiens"	"2004"	"healthy"	"respiratory"	""	""	""	""	""	"ERS011820"	"Klebsiella pneumoniae"	""
"ERR025590"	"ERR025590"	"ERR025590"	""	""	"ERR025590"	""	"10"	"illumina"	"_no_group_defined_"	"geo_loc_name_country"	"1"	"TRUE"	"optional"	"TRUE"	"SAMEA882231"	"Klebsiella pneumoniae"	"ILLUMINA"	"2011-03-18T00:00:00Z"	"SAMEA882231"	"ERP000165"	"UI_12780-sc-2010-06-22-227631"	"UI 12780"	"Laos"	"Asia"	"Laos"	"UI 12780"	"Homo sapiens"	"2008"	"diseased"	"sterile"	"2011-02-14T17:17:43Z"	"2018-03-09T09:52:29Z"	"SAMEA882231"	"Klebsiella pneumoniae"	"UI_12780-sc-2010-06-22-227631"	""	""	""
"ERR025159"	"ERR025159"	"ERR025159"	""	""	"ERR025159"	""	"10"	"illumina"	"_no_group_defined_"	"geo_loc_name_country"	"1"	"TRUE"	"optional"	"TRUE"	"SAMEA882268"	"Klebsiella pneumoniae"	"ILLUMINA"	"2011-03-18T00:00:00Z"	"SAMEA882268"	"ERP000165"	"QMP_M1_728-sc-2010-06-22-227689"	"QMP M1-376"	"USA"	"North America"	"USA"	"QMP M1-376"	"Bovine"	"2005"	"healthy"	"intestinal"	"2011-02-14T17:17:44Z"	"2018-03-09T09:52:30Z"	"SAMEA882268"	"Klebsiella pneumoniae"	"QMP_M1_728-sc-2010-06-22-227689"	""	""	""
"ERR025648"	"ERR025648"	"ERR025648"	""	""	"ERR025648"	""	"10"	"illumina"	"_no_group_defined_"	"geo_loc_name_country"	"1"	"TRUE"	"optional"	"TRUE"	"SAMEA882108"	"Klebsiella pneumoniae"	"ILLUMINA"	"2011-03-18T00:00:00Z"	"SAMEA882108"	"ERP000165"	"09_341B-sc-2010-06-22-227756"	"09-341B"	"Viet Nam"	"Asia"	"Viet Nam"	"09-341B"	"Homo sapiens"	"2009"	"diseased"	"respiratory"	"2011-02-14T17:17:44Z"	"2018-03-09T09:52:30Z"	"SAMEA882108"	"Klebsiella pneumoniae"	"09_341B-sc-2010-06-22-227756"	""	""	""
"ERR025649"	"ERR025649"	"ERR025649"	""	""	"ERR025649"	""	"10"	"illumina"	"_no_group_defined_"	"geo_loc_name_country"	"1"	"TRUE"	"optional"	"TRUE"	"SAMEA882101"	"Klebsiella pneumoniae"	"ILLUMINA"	"2011-03-18T00:00:00Z"	"SAMEA882101"	"ERP000165"	"09_2985m-sc-2010-06-22-227757"	"09-2985m"	"Viet Nam"	"Asia"	"Viet Nam"	"09-2985m"	"Homo sapiens"	"2009"	"diseased"	"sterile"	"2011-02-14T17:17:44Z"	"2018-03-09T09:52:29Z"	"SAMEA882101"	"Klebsiella pneumoniae"	"09_2985m-sc-2010-06-22-227757"	""	""	""
"ERR025583"	"ERR025583"	"ERR025583"	""	""	"ERR025583"	""	"10"	"illumina"	"_no_group_defined_"	"geo_loc_name_country"	"1"	"TRUE"	"optional"	"TRUE"	"SAMEA882213"	"Klebsiella pneumoniae"	"ILLUMINA"	"2011-03-18T00:00:00Z"	"SAMEA882213"	"ERP000165"	"UI_6717-sc-2010-06-22-227624"	"UI 6717"	"Laos"	"Asia"	"Laos"	"UI 6717"	"Homo sapiens"	"2005"	"diseased"	"sterile"	"2011-02-14T17:17:44Z"	"2018-03-09T09:52:29Z"	"SAMEA882213"	"Klebsiella pneumoniae"	"UI_6717-sc-2010-06-22-227624"	""	""	""
"ERR025663"	"ERR025663"	"ERR025663"	""	""	"ERR025663"	""	"10"	"illumina"	"_no_group_defined_"	"geo_loc_name_country"	"1"	"TRUE"	"optional"	"TRUE"	"SAMEA882066"	"Klebsiella pneumoniae"	"ILLUMINA"	"2011-03-18T00:00:00Z"	"SAMEA882066"	"ERP000165"	"1576_0-sc-2010-06-22-227770"	"1576"	"Indonesia"	"Asia"	"Indonesia"	"1576"	"Homo sapiens"	"2005"	"diseased"	"sterile"	"2011-02-14T17:17:45Z"	"2018-03-09T09:52:30Z"	"SAMEA882066"	"Klebsiella pneumoniae"	"1576_0-sc-2010-06-22-227770"	""	""	""
"ERR025678"	"ERR025678"	"ERR025678"	""	""	"ERR025678"	""	"10"	"illumina"	"_no_group_defined_"	"geo_loc_name_country"	"1"	"TRUE"	"optional"	"TRUE"	"SAMEA882253"	"Klebsiella pneumoniae"	"ILLUMINA"	"2011-03-18T00:00:00Z"	"SAMEA882253"	"ERP000165"	"71B-sc-2010-06-22-227522"	"QMP B2-090"	"USA"	"North America"	"USA"	"QMP B2-090"	"Bovine"	"2006"	"diseased"	"sterile"	"2011-02-14T17:17:43Z"	"2018-03-09T09:52:29Z"	"SAMEA882253"	"Klebsiella pneumoniae"	"71B-sc-2010-06-22-227522"	""	""	""
"ERR025523"	"ERR025523"	"ERR025523"	""	""	"ERR025523"	""	"10"	"illumina"	"_no_group_defined_"	"geo_loc_name_country"	"1"	"TRUE"	"optional"	"TRUE"	"SAMEA882287"	"Klebsiella pneumoniae"	"ILLUMINA"	"2011-03-18T00:00:00Z"	"SAMEA882287"	"ERP000165"	"ERS011860"	"QMP B2-228"	"USA"	"North America"	"USA"	"QMP B2-228"	"Bovine"	"2006"	"diseased"	"sterile"	""	""	""	""	""	"ERS011860"	"Klebsiella pneumoniae"	""
"ERR025661"	"ERR025661"	"ERR025661"	""	""	"ERR025661"	""	"10"	"illumina"	"_no_group_defined_"	"geo_loc_name_country"	"1"	"TRUE"	"optional"	"TRUE"	"SAMEA882068"	"Klebsiella pneumoniae"	"ILLUMINA"	"2011-03-18T00:00:00Z"	"SAMEA882068"	"ERP000165"	"ERS012035"	"1555"	"Indonesia"	"Asia"	"Indonesia"	"1555"	"Homo sapiens"	"2005"	"diseased"	"urine"	""	""	""	""	""	"ERS012035"	"Klebsiella pneumoniae"	""
"ERR025621"	"ERR025621"	"ERR025621"	""	""	"ERR025621"	""	"10"	"illumina"	"_no_group_defined_"	"geo_loc_name_country"	"1"	"TRUE"	"optional"	"TRUE"	"SAMEA882018"	"Klebsiella pneumoniae"	"ILLUMINA"	"2011-03-18T00:00:00Z"	"SAMEA882018"	"ERP000165"	"QMP_Z4_724-sc-2010-06-22-227742"	"QMP Z4-724"	"USA"	"North America"	"USA"	"QMP Z4-724"	"Bovine"	"2006"	"diseased"	"sterile"	"2011-02-14T17:17:44Z"	"2018-03-09T09:52:29Z"	"SAMEA882018"	"Klebsiella pneumoniae"	"QMP_Z4_724-sc-2010-06-22-227742"	""	""	""
"ERR024840"	"ERR024840"	"ERR024840"	""	""	"ERR024840"	""	"10"	"illumina"	"_no_group_defined_"	"geo_loc_name_country"	"1"	"TRUE"	"optional"	"TRUE"	"SAMEA882046"	"Klebsiella pneumoniae"	"ILLUMINA"	"2011-03-18T00:00:00Z"	"SAMEA882046"	"ERP000165"	"AJ083-sc-2010-05-07-30762"	"AJ083"	"Australia"	"Oceania"	"Australia"	"AJ083"	"Homo sapiens"	"2002"	"diseased"	"urine"	"2010-03-08T08:57:40Z"	"2018-03-09T09:52:01Z"	"SAMEA882046"	"Klebsiella pneumoniae"	"AJ083-sc-2010-05-07-30762"	""	""	""
"ERR025659"	"ERR025659"	"ERR025659"	""	""	"ERR025659"	""	"10"	"illumina"	"_no_group_defined_"	"geo_loc_name_country"	"1"	"TRUE"	"optional"	"TRUE"	"SAMEA882274"	"Klebsiella pneumoniae"	"ILLUMINA"	"2011-03-18T00:00:00Z"	"SAMEA882274"	"ERP000165"	"ERS012044"	"1765"	"Indonesia"	"Asia"	"Indonesia"	"1765"	"Homo sapiens"	"2005"	"diseased"	"sterile"	""	""	""	""	""	"ERS012044"	"Klebsiella pneumoniae"	""
"ERR025600"	"ERR025600"	"ERR025600"	""	""	"ERR025600"	""	"10"	"illumina"	"_no_group_defined_"	"geo_loc_name_country"	"1"	"TRUE"	"optional"	"TRUE"	"SAMEA881989"	"Klebsiella pneumoniae"	"ILLUMINA"	"2011-03-18T00:00:00Z"	"SAMEA881989"	"ERP000165"	"ERS011979"	"QMP M1-896"	"USA"	"North America"	"USA"	"QMP M1-896"	"Homo sapiens"	"2007"	"diseased"	"urine"	""	""	""	""	""	"ERS011979"	"Klebsiella pneumoniae"	""
"ERR026001"	"ERR026001"	"ERR026001"	""	""	"ERR026001"	""	"10"	"illumina"	"_no_group_defined_"	"geo_loc_name_country"	"1"	"TRUE"	"optional"	"TRUE"	"SAMEA882150"	"Klebsiella pneumoniae"	"ILLUMINA"	"2011-03-18T00:00:00Z"	"SAMEA882150"	"ERP000165"	"1522_0-sc-2010-06-22-227787"	"1522"	"Indonesia"	"Asia"	"Indonesia"	"1522"	"Homo sapiens"	"2005"	"diseased"	"sterile"	"2011-02-14T17:17:45Z"	"2018-03-09T09:52:30Z"	"SAMEA882150"	"Klebsiella pneumoniae"	"1522_0-sc-2010-06-22-227787"	""	""	""
"ERR025645"	"ERR025645"	"ERR025645"	""	""	"ERR025645"	""	"10"	"illumina"	"_no_group_defined_"	"geo_loc_name_country"	"1"	"TRUE"	"optional"	"TRUE"	"SAMEA882064"	"Klebsiella pneumoniae"	"ILLUMINA"	"2011-03-18T00:00:00Z"	"SAMEA882064"	"ERP000165"	"ERS012031"	"805m"	"Viet Nam"	"Asia"	"Viet Nam"	"805m"	"Homo sapiens"	"2009"	"diseased"	"sterile"	""	""	""	""	""	"ERS012031"	"Klebsiella pneumoniae"	""
"ERR025520"	"ERR025520"	"ERR025520"	""	""	"ERR025520"	""	"10"	"illumina"	"_no_group_defined_"	"geo_loc_name_country"	"1"	"TRUE"	"optional"	"TRUE"	"SAMEA882088"	"Klebsiella pneumoniae"	"ILLUMINA"	"2011-03-18T00:00:00Z"	"SAMEA882088"	"ERP000165"	"ERS011857"	"EW-85-R-MAN"	"Viet Nam"	"Asia"	"Viet Nam"	"EW-85-R-MAN"	"Homo sapiens"	"2006"	"healthy"	"intestinal"	""	""	""	""	""	"ERS011857"	"Klebsiella pneumoniae"	""
"ERR025652"	"ERR025652"	"ERR025652"	""	""	"ERR025652"	""	"10"	"illumina"	"_no_group_defined_"	"geo_loc_name_country"	"1"	"TRUE"	"optional"	"TRUE"	"SAMEA882104"	"Klebsiella pneumoniae"	"ILLUMINA"	"2011-03-18T00:00:00Z"	"SAMEA882104"	"ERP000165"	"ERS012027"	"620m"	"Viet Nam"	"Asia"	"Viet Nam"	"620m"	"Homo sapiens"	"2009"	"diseased"	"sterile"	""	""	""	""	""	"ERS012027"	"Klebsiella pneumoniae"	""
"ERR025664"	"ERR025664"	"ERR025664"	""	""	"ERR025664"	""	"10"	"illumina"	"_no_group_defined_"	"geo_loc_name_country"	"1"	"TRUE"	"optional"	"TRUE"	"SAMEA882060"	"Klebsiella pneumoniae"	"ILLUMINA"	"2011-03-18T00:00:00Z"	"SAMEA882060"	"ERP000165"	"1585_0-sc-2010-06-22-227771"	"1585"	"Indonesia"	"Asia"	"Indonesia"	"1585"	"Homo sapiens"	"2005"	"diseased"	"sterile"	"2011-02-14T17:17:45Z"	"2018-03-09T09:52:30Z"	"SAMEA882060"	"Klebsiella pneumoniae"	"1585_0-sc-2010-06-22-227771"	""	""	""
"ERR025541"	"ERR025541"	"ERR025541"	""	""	"ERR025541"	""	"10"	"illumina"	"_no_group_defined_"	"geo_loc_name_country"	"1"	"TRUE"	"optional"	"TRUE"	"SAMEA882070"	"Klebsiella pneumoniae"	"ILLUMINA"	"2011-03-18T00:00:00Z"	"SAMEA882070"	"ERP000165"	"ERS011911"	"DU38032/05"	"Singapore"	"Asia"	"Singapore"	"DU38032/05"	"Homo sapiens"	"2005"	"diseased"	"urine"	""	""	""	""	""	"ERS011911"	"Klebsiella pneumoniae"	""
"ERR025633"	"ERR025633"	"ERR025633"	""	""	"ERR025633"	""	"10"	"illumina"	"_no_group_defined_"	"geo_loc_name_country"	"1"	"TRUE"	"optional"	"TRUE"	"SAMEA882105"	"Klebsiella pneumoniae"	"ILLUMINA"	"2011-03-18T00:00:00Z"	"SAMEA882105"	"ERP000165"	"09_332B-sc-2010-06-22-227753"	"09-332B"	"Viet Nam"	"Asia"	"Viet Nam"	"09-332B"	"Homo sapiens"	"2009"	"diseased"	"respiratory"	"2011-02-14T17:17:44Z"	"2018-03-09T09:52:29Z"	"SAMEA882105"	"Klebsiella pneumoniae"	"09_332B-sc-2010-06-22-227753"	""	""	""
"ERR025478"	"ERR025478"	"ERR025478"	""	""	"ERR025478"	""	"10"	"illumina"	"_no_group_defined_"	"geo_loc_name_country"	"1"	"TRUE"	"optional"	"TRUE"	"SAMEA882242"	"Klebsiella pneumoniae"	"ILLUMINA"	"2011-03-18T00:00:00Z"	"SAMEA882242"	"ERP000165"	"ERS011817"	"K77An"	"Viet Nam"	"Asia"	"Viet Nam"	"K77An"	"Homo sapiens"	"2004"	"healthy"	"intestinal"	""	""	""	""	""	"ERS011817"	"Klebsiella pneumoniae"	""
"ERR025651"	"ERR025651"	"ERR025651"	""	""	"ERR025651"	""	"10"	"illumina"	"_no_group_defined_"	"geo_loc_name_country"	"1"	"TRUE"	"optional"	"TRUE"	"SAMEA882103"	"Klebsiella pneumoniae"	"ILLUMINA"	"2011-03-18T00:00:00Z"	"SAMEA882103"	"ERP000165"	"311G-sc-2010-06-22-227759"	"311G"	"Viet Nam"	"Asia"	"Viet Nam"	"311G"	"Homo sapiens"	"2008"	"diseased"	"urine"	"2011-02-14T17:17:44Z"	"2018-03-09T09:52:30Z"	"SAMEA882103"	"Klebsiella pneumoniae"	"311G-sc-2010-06-22-227759"	""	""	""
"ERR025525"	"ERR025525"	"ERR025525"	""	""	"ERR025525"	""	"10"	"illumina"	"_no_group_defined_"	"geo_loc_name_country"	"1"	"TRUE"	"optional"	"TRUE"	"SAMEA882289"	"Klebsiella pneumoniae"	"ILLUMINA"	"2011-03-18T00:00:00Z"	"SAMEA882289"	"ERP000165"	"ERS011862"	"7085"	"USA"	"North America"	"USA"	"7085"	"Monkey"	"2009"	"healthy"	"intestinal"	""	""	""	""	""	"ERS011862"	"Klebsiella pneumoniae"	""
"ERR025098"	"ERR025098"	"ERR025098"	""	""	"ERR025098"	""	"10"	"illumina"	"_no_group_defined_"	"geo_loc_name_country"	"1"	"TRUE"	"optional"	"TRUE"	"SAMEA882077"	"Klebsiella pneumoniae"	"ILLUMINA"	"2011-03-18T00:00:00Z"	"SAMEA882077"	"ERP000165"	"AJ214-sc-2010-05-07-30779"	"AJ214"	"Australia"	"Oceania"	"Australia"	"AJ214"	"Homo sapiens"	"2002"	"diseased"	"sterile"	"2010-03-08T08:58:13Z"	"2018-03-09T09:52:01Z"	"SAMEA882077"	"Klebsiella pneumoniae"	"AJ214-sc-2010-05-07-30779"	""	""	""
"ERR025137"	"ERR025137"	"ERR025137"	""	""	"ERR025137"	""	"10"	"illumina"	"_no_group_defined_"	"geo_loc_name_country"	"1"	"TRUE"	"optional"	"TRUE"	"SAMEA882152"	"Klebsiella pneumoniae"	"ILLUMINA"	"2011-03-18T00:00:00Z"	"SAMEA882152"	"ERP000165"	"ERS011938"	"QMP M1-557"	"USA"	"North America"	"USA"	"QMP M1-557"	"Bovine"	"2005"	"diseased"	"sterile"	""	""	""	""	""	"ERS011938"	"Klebsiella pneumoniae"	""
"ERR025128"	"ERR025128"	"ERR025128"	""	""	"ERR025128"	""	"10"	"illumina"	"_no_group_defined_"	"geo_loc_name_country"	"1"	"TRUE"	"optional"	"TRUE"	"SAMEA882189"	"Klebsiella pneumoniae"	"ILLUMINA"	"2011-03-18T00:00:00Z"	"SAMEA882189"	"ERP000165"	"ERS011927"	"QMP B2-563"	"USA"	"North America"	"USA"	"QMP B2-563"	"Bovine"	"2006"	"diseased"	"sterile"	""	""	""	""	""	"ERS011927"	"Klebsiella pneumoniae"	""
"ERR025587"	"ERR025587"	"ERR025587"	""	""	"ERR025587"	""	"10"	"illumina"	"_no_group_defined_"	"geo_loc_name_country"	"1"	"TRUE"	"optional"	"TRUE"	"SAMEA882220"	"Klebsiella pneumoniae"	"ILLUMINA"	"2011-03-18T00:00:00Z"	"SAMEA882220"	"ERP000165"	"UI_10871-sc-2010-06-22-227628"	"UI 10871"	"Laos"	"Asia"	"Laos"	"UI 10871"	"Homo sapiens"	"2007"	"diseased"	"sterile"	"2011-02-14T17:17:43Z"	"2018-03-09T09:52:29Z"	"SAMEA882220"	"Klebsiella pneumoniae"	"UI_10871-sc-2010-06-22-227628"	""	""	""
"ERR025465"	"ERR025465"	"ERR025465"	""	""	"ERR025465"	""	"10"	"illumina"	"_no_group_defined_"	"geo_loc_name_country"	"1"	"TRUE"	"optional"	"TRUE"	"SAMEA882199"	"Klebsiella pneumoniae"	"ILLUMINA"	"2011-03-18T00:00:00Z"	"SAMEA882199"	"ERP000165"	"ERS011805"	"UV937"	"Viet Nam"	"Asia"	"Viet Nam"	"UV937"	"Homo sapiens"	"2003"	"diseased"	"respiratory"	""	""	""	""	""	"ERS011805"	"Klebsiella pneumoniae"	""
"ERR025612"	"ERR025612"	"ERR025612"	""	""	"ERR025612"	""	"10"	"illumina"	"_no_group_defined_"	"geo_loc_name_country"	"1"	"TRUE"	"optional"	"TRUE"	"SAMEA882090"	"Klebsiella pneumoniae"	"ILLUMINA"	"2011-03-18T00:00:00Z"	"SAMEA882090"	"ERP000165"	"QMP_M1_980-sc-2010-06-22-227723"	"QMP M1-980"	"USA"	"North America"	"USA"	"QMP M1-980"	"Homo sapiens"	"2007"	"diseased"	"intestinal biopsy"	"2011-02-14T17:17:44Z"	"2018-03-09T09:52:29Z"	"SAMEA882090"	"Klebsiella pneumoniae"	"QMP_M1_980-sc-2010-06-22-227723"	""	""	""
"ERR024833"	"ERR024833"	"ERR024833"	""	""	"ERR024833"	""	"10"	"illumina"	"_no_group_defined_"	"geo_loc_name_country"	"1"	"TRUE"	"optional"	"TRUE"	"SAMEA882042"	"Klebsiella pneumoniae"	"ILLUMINA"	"2011-03-18T00:00:00Z"	"SAMEA882042"	"ERP000165"	"ERS005764"	"AJ099"	"Australia"	"Oceania"	"Australia"	"AJ099"	"Homo sapiens"	"2002"	"diseased"	""	""	""	""	""	""	"ERS005764"	"Klebsiella pneumoniae"	""
"ERR025998"	"ERR025998"	"ERR025998"	""	""	"ERR025998"	""	"10"	"illumina"	"_no_group_defined_"	"geo_loc_name_country"	"1"	"TRUE"	"optional"	"TRUE"	"SAMEA882145"	"Klebsiella pneumoniae"	"ILLUMINA"	"2011-03-18T00:00:00Z"	"SAMEA882145"	"ERP000165"	"2024_0-sc-2010-06-22-227784"	"2024"	"Indonesia"	"Asia"	"Indonesia"	"2024"	"Homo sapiens"	"2005"	"diseased"	"sterile"	"2011-02-14T17:17:45Z"	"2018-03-09T09:52:30Z"	"SAMEA882145"	"Klebsiella pneumoniae"	"2024_0-sc-2010-06-22-227784"	""	""	""
"ERR025562"	"ERR025562"	"ERR025562"	""	""	"ERR025562"	""	"10"	"illumina"	"_no_group_defined_"	"geo_loc_name_country"	"1"	"TRUE"	"optional"	"TRUE"	"SAMEA882119"	"Klebsiella pneumoniae"	"ILLUMINA"	"2011-03-18T00:00:00Z"	"SAMEA882119"	"ERP000165"	"K231An-sc-2010-06-22-227558"	"QMP B2-211"	"USA"	"North America"	"USA"	"QMP B2-211"	"Bovine"	"2006"	"diseased"	"sterile"	"2011-02-14T17:17:43Z"	"2018-03-09T09:52:29Z"	"SAMEA882119"	"Klebsiella pneumoniae"	"K231An-sc-2010-06-22-227558"	""	""	""
"ERR025996"	"ERR025996"	"ERR025996"	""	""	"ERR025996"	""	"10"	"illumina"	"_no_group_defined_"	"geo_loc_name_country"	"1"	"TRUE"	"optional"	"TRUE"	"SAMEA882296"	"Klebsiella pneumoniae"	"ILLUMINA"	"2011-03-18T00:00:00Z"	"SAMEA882296"	"ERP000165"	"ERS012049"	"1897"	"Indonesia"	"Asia"	"Indonesia"	"1897"	"Homo sapiens"	"2005"	"diseased"	"sterile"	""	""	""	""	""	"ERS012049"	"Klebsiella pneumoniae"	""
"ERR025143"	"ERR025143"	"ERR025143"	""	""	"ERR025143"	""	"10"	"illumina"	"_no_group_defined_"	"geo_loc_name_country"	"1"	"TRUE"	"optional"	"TRUE"	"SAMEA882271"	"Klebsiella pneumoniae"	"ILLUMINA"	"2011-03-18T00:00:00Z"	"SAMEA882271"	"ERP000165"	"ERS011941"	"QMP M1-561"	"USA"	"North America"	"USA"	"QMP M1-561"	"Bovine"	"2005"	"diseased"	"sterile"	""	""	""	""	""	"ERS011941"	"Klebsiella pneumoniae"	""
"ERR025521"	"ERR025521"	"ERR025521"	""	""	"ERR025521"	""	"10"	"illumina"	"_no_group_defined_"	"geo_loc_name_country"	"1"	"TRUE"	"optional"	"TRUE"	"SAMEA882089"	"Klebsiella pneumoniae"	"ILLUMINA"	"2011-03-18T00:00:00Z"	"SAMEA882089"	"ERP000165"	"KpV513-sc-2010-06-22-227591"	"KpV513"	"USA"	"North America"	"USA"	"KpV513"	"Monkey"	"2006"	"diseased"	""	"2011-02-14T17:17:43Z"	"2018-03-09T09:52:29Z"	"SAMEA882089"	"Klebsiella pneumoniae"	"KpV513-sc-2010-06-22-227591"	""	""	""
"ERR025469"	"ERR025469"	"ERR025469"	""	""	"ERR025469"	""	"10"	"illumina"	"_no_group_defined_"	"geo_loc_name_country"	"1"	"TRUE"	"optional"	"TRUE"	"SAMEA882210"	"Klebsiella pneumoniae"	"ILLUMINA"	"2011-03-18T00:00:00Z"	"SAMEA882210"	"ERP000165"	"09_0079m-sc-2010-06-22-227531"	"09-0079m"	"Viet Nam"	"Asia"	"Viet Nam"	"09-0079m"	"Homo sapiens"	"2009"	"diseased"	"sterile"	"2011-02-14T17:17:43Z"	"2018-03-09T09:52:29Z"	"SAMEA882210"	"Klebsiella pneumoniae"	"09_0079m-sc-2010-06-22-227531"	""	""	""
"ERR025142"	"ERR025142"	"ERR025142"	""	""	"ERR025142"	""	"10"	"illumina"	"_no_group_defined_"	"geo_loc_name_country"	"1"	"TRUE"	"optional"	"TRUE"	"SAMEA882270"	"Klebsiella pneumoniae"	"ILLUMINA"	"2011-03-18T00:00:00Z"	"SAMEA882270"	"ERP000165"	"ERS011940"	"QMP M1-560"	"USA"	"North America"	"USA"	"QMP M1-560"	"Bovine"	"2005"	"diseased"	"sterile"	""	""	""	""	""	"ERS011940"	"Klebsiella pneumoniae"	""
"ERR025625"	"ERR025625"	"ERR025625"	""	""	"ERR025625"	""	"10"	"illumina"	"_no_group_defined_"	"geo_loc_name_country"	"1"	"TRUE"	"optional"	"TRUE"	"SAMEA882035"	"Klebsiella pneumoniae"	"ILLUMINA"	"2011-03-18T00:00:00Z"	"SAMEA882035"	"ERP000165"	"ERS012002"	"QMP M1-776"	"USA"	"North America"	"USA"	"QMP M1-776"	"Homo sapiens"	"2006"	"diseased"	"sterile"	""	""	""	""	""	"ERS012002"	"Klebsiella pneumoniae"	""
"ERR025597"	"ERR025597"	"ERR025597"	""	""	"ERR025597"	""	"10"	"illumina"	"_no_group_defined_"	"geo_loc_name_country"	"1"	"TRUE"	"optional"	"TRUE"	"SAMEA881985"	"Klebsiella pneumoniae"	"ILLUMINA"	"2011-03-18T00:00:00Z"	"SAMEA881985"	"ERP000165"	"QMP_M1_892-sc-2010-06-22-227709"	"QMP M1-892"	"USA"	"North America"	"USA"	"QMP M1-892"	"Homo sapiens"	"2007"	"diseased"	"urine"	"2011-02-14T17:17:44Z"	"2018-03-09T09:52:29Z"	"SAMEA881985"	"Klebsiella pneumoniae"	"QMP_M1_892-sc-2010-06-22-227709"	""	""	""
"ERR024818"	"ERR024818"	"ERR024818"	""	""	"ERR024818"	""	"10"	"illumina"	"_no_group_defined_"	"geo_loc_name_country"	"1"	"TRUE"	"optional"	"TRUE"	"SAMEA882001"	"Klebsiella pneumoniae"	"ILLUMINA"	"2011-03-18T00:00:00Z"	"SAMEA882001"	"ERP000165"	"AJ033-sc-2010-05-07-30752"	"AJ033"	"Australia"	"Oceania"	"Australia"	"AJ033"	"Homo sapiens"	"2001"	"diseased"	"respiratory"	"2010-03-08T08:57:22Z"	"2018-03-09T09:52:18Z"	"SAMEA882001"	"Klebsiella pneumoniae"	"AJ033-sc-2010-05-07-30752"	""	""	""
"ERR025624"	"ERR025624"	"ERR025624"	""	""	"ERR025624"	""	"10"	"illumina"	"_no_group_defined_"	"geo_loc_name_country"	"1"	"TRUE"	"optional"	"TRUE"	"SAMEA882080"	"Klebsiella pneumoniae"	"ILLUMINA"	"2011-03-18T00:00:00Z"	"SAMEA882080"	"ERP000165"	"QMP_M2_654-sc-2010-06-22-227734"	"QMP M2-654"	"USA"	"North America"	"USA"	"QMP M2-654"	"Bovine"	"2007"	"healthy"	"intestinal"	"2011-02-14T17:17:45Z"	"2018-03-09T09:52:30Z"	"SAMEA882080"	"Klebsiella pneumoniae"	"QMP_M2_654-sc-2010-06-22-227734"	""	""	""
"ERR025608"	"ERR025608"	"ERR025608"	""	""	"ERR025608"	""	"10"	"illumina"	"_no_group_defined_"	"geo_loc_name_country"	"1"	"TRUE"	"optional"	"TRUE"	"SAMEA882095"	"Klebsiella pneumoniae"	"ILLUMINA"	"2011-03-18T00:00:00Z"	"SAMEA882095"	"ERP000165"	"ERS011997"	"QMP M1-418"	"USA"	"North America"	"USA"	"QMP M1-418"	"Environmental"	"2005"	""	"environment"	""	""	""	""	""	"ERS011997"	"Klebsiella pneumoniae"	""
