"sample_id"	"name"	"description"	"path"	"path_2"	"ncbi_accession"	"ncbi_query"	"ncbi_query_max"	"sequence_type"	"report_group_ids"	"color_by"	"ploidy"	"enabled"	"ref_contextual_usage"	"ref_enabled"	"sra_2"	"Organism"	"Platform"	"ReleaseDate"	"Sample.Name"	"SRA.Study"	"Sample_Name"	"strain"	"geo_loc_name_country"	"geo_loc_name_country_continent"	"geographic_location_.country_and.or_sea."	"Serovar"	"specific_host"	"Collection_Date"	"host_health_state"	"isolation_source"	"ENA_first_public"	"ENA_last_update"	"external_id"	"Scientific_Name"	"Submitter_Id"	"SRA_accession"	"Title"	"ref_ids"
"ERR025988"	"ERR025988"	"ERR025988"	""	""	"ERR025988"	""	"10"	"illumina"	"_no_group_defined_"	"geo_loc_name_country"	"1"	"TRUE"	"optional"	"TRUE"	"SAMEA882028"	"Klebsiella pneumoniae"	"ILLUMINA"	"2011-03-18T00:00:00Z"	"SAMEA882028"	"ERP000165"	"QMP_M1_882-sc-2010-06-22-227701"	"QMP M1-882"	"USA"	"North America"	"USA"	"QMP M1-882"	"Homo sapiens"	"2007"	"diseased"	"urine"	"2011-02-14T17:17:45Z"	"2018-03-09T09:52:30Z"	"SAMEA882028"	"Klebsiella pneumoniae"	"QMP_M1_882-sc-2010-06-22-227701"	""	""	""
"ERR025609"	"ERR025609"	"ERR025609"	""	""	"ERR025609"	""	"10"	"illumina"	"_no_group_defined_"	"geo_loc_name_country"	"1"	"TRUE"	"optional"	"TRUE"	"SAMEA882132"	"Klebsiella pneumoniae"	"ILLUMINA"	"2011-03-18T00:00:00Z"	"SAMEA882132"	"ERP000165"	"ERS011987"	"QMP M1-974"	"USA"	"North America"	"USA"	"QMP M1-974"	"Homo sapiens"	"2007"	"healthy"	"intestinal biopsy"	""	""	""	""	""	"ERS011987"	"Klebsiella pneumoniae"	""
"ERR025157"	"ERR025157"	"ERR025157"	""	""	"ERR025157"	""	"10"	"illumina"	"_no_group_defined_"	"geo_loc_name_country"	"1"	"TRUE"	"optional"	"TRUE"	"SAMEA882228"	"Klebsiella pneumoniae"	"ILLUMINA"	"2011-03-18T00:00:00Z"	"SAMEA882228"	"ERP000165"	"ERS011954"	"QMP M1-222"	"USA"	"North America"	"USA"	"QMP M1-222"	"Bovine"	"2005"	"diseased"	"sterile"	""	""	""	""	""	"ERS011954"	"Klebsiella pneumoniae"	""
"ERR025475"	"ERR025475"	"ERR025475"	""	""	"ERR025475"	""	"10"	"illumina"	"_no_group_defined_"	"geo_loc_name_country"	"1"	"TRUE"	"optional"	"TRUE"	"SAMEA882198"	"Klebsiella pneumoniae"	"ILLUMINA"	"2011-03-18T00:00:00Z"	"SAMEA882198"	"ERP000165"	"UV1172-sc-2010-06-22-227539"	"UV1172"	"Viet Nam"	"Asia"	"Viet Nam"	"UV1172"	"Homo sapiens"	"2004"	"diseased"	"respiratory"	"2011-02-14T17:17:44Z"	"2018-03-09T09:52:29Z"	"SAMEA882198"	"Klebsiella pneumoniae"	"UV1172-sc-2010-06-22-227539"	""	""	""
"ERR025547"	"ERR025547"	"ERR025547"	""	""	"ERR025547"	""	"10"	"illumina"	"_no_group_defined_"	"geo_loc_name_country"	"1"	"TRUE"	"optional"	"TRUE"	"SAMEA882113"	"Klebsiella pneumoniae"	"ILLUMINA"	"2011-03-18T00:00:00Z"	"SAMEA882113"	"ERP000165"	"ERS011906"	"DR5092/05"	"Singapore"	"Asia"	"Singapore"	"DR5092/05"	"Homo sapiens"	"2005"	"healthy"	"intestinal"	""	""	""	""	""	"ERS011906"	"Klebsiella pneumoniae"	""
"ERR025468"	"ERR025468"	"ERR025468"	""	""	"ERR025468"	""	"10"	"illumina"	"_no_group_defined_"	"geo_loc_name_country"	"1"	"TRUE"	"optional"	"TRUE"	"SAMEA882205"	"Klebsiella pneumoniae"	"ILLUMINA"	"2011-03-18T00:00:00Z"	"SAMEA882205"	"ERP000165"	"07_0003m-sc-2010-06-22-227530"	"07-0003m"	"Viet Nam"	"Asia"	"Viet Nam"	"07-0003m"	"Homo sapiens"	"2007"	"diseased"	"sterile"	"2011-02-14T17:17:44Z"	"2018-03-09T09:52:29Z"	"SAMEA882205"	"Klebsiella pneumoniae"	"07_0003m-sc-2010-06-22-227530"	""	""	""
"ERR025501"	"ERR025501"	"ERR025501"	""	""	"ERR025501"	""	"10"	"illumina"	"_no_group_defined_"	"geo_loc_name_country"	"1"	"TRUE"	"optional"	"TRUE"	"SAMEA882069"	"Klebsiella pneumoniae"	"ILLUMINA"	"2011-03-18T00:00:00Z"	"SAMEA882069"	"ERP000165"	"ERS011842"	"D-026-I-b-1"	"Viet Nam"	"Asia"	"Viet Nam"	"D-026-I-b-1"	"Homo sapiens"	"2005"	"healthy"	"intestinal"	""	""	""	""	""	"ERS011842"	"Klebsiella pneumoniae"	""
"ERR025979"	"ERR025979"	"ERR025979"	""	""	"ERR025979"	""	"10"	"illumina"	"_no_group_defined_"	"geo_loc_name_country"	"1"	"TRUE"	"optional"	"TRUE"	"SAMEA882025"	"Klebsiella pneumoniae"	"ILLUMINA"	"2011-03-18T00:00:00Z"	"SAMEA882025"	"ERP000165"	"QMP_M1_781-sc-2010-06-22-227695"	"QMP M1-781"	"USA"	"North America"	"USA"	"QMP M1-781"	"Bovine"	"2006"	"diseased"	"sterile"	"2011-02-14T17:17:45Z"	"2018-03-09T09:52:30Z"	"SAMEA882025"	"Klebsiella pneumoniae"	"QMP_M1_781-sc-2010-06-22-227695"	""	""	""
"ERR025673"	"ERR025673"	"ERR025673"	""	""	"ERR025673"	""	"10"	"illumina"	"_no_group_defined_"	"geo_loc_name_country"	"1"	"TRUE"	"optional"	"TRUE"	"SAMEA882247"	"Klebsiella pneumoniae"	"ILLUMINA"	"2011-03-18T00:00:00Z"	"SAMEA882247"	"ERP000165"	"71M-sc-2010-06-22-227517"	"08-049B"	"Viet Nam"	"Asia"	"Viet Nam"	"08-049B"	"Homo sapiens"	"2008"	"diseased"	"respiratory"	"2011-02-14T17:17:43Z"	"2018-03-09T09:52:28Z"	"SAMEA882247"	"Klebsiella pneumoniae"	"71M-sc-2010-06-22-227517"	""	""	""
"ERR025140"	"ERR025140"	"ERR025140"	""	""	"ERR025140"	""	"10"	"illumina"	"_no_group_defined_"	"geo_loc_name_country"	"1"	"TRUE"	"optional"	"TRUE"	"SAMEA882263"	"Klebsiella pneumoniae"	"ILLUMINA"	"2011-03-18T00:00:00Z"	"SAMEA882263"	"ERP000165"	"QMP_M1_428-sc-2010-06-22-227682"	"QMP M1-771"	"USA"	"North America"	"USA"	"QMP M1-771"	"Homo sapiens"	"2006"	"diseased"	"sterile"	"2011-02-14T17:17:44Z"	"2018-03-09T09:52:29Z"	"SAMEA882263"	"Klebsiella pneumoniae"	"QMP_M1_428-sc-2010-06-22-227682"	""	""	""
"ERR025107"	"ERR025107"	"ERR025107"	""	""	"ERR025107"	""	"10"	"illumina"	"_no_group_defined_"	"geo_loc_name_country"	"1"	"TRUE"	"optional"	"TRUE"	"SAMEA882172"	"Klebsiella pneumoniae"	"ILLUMINA"	"2011-03-18T00:00:00Z"	"SAMEA882172"	"ERP000165"	"AJ229-sc-2010-05-07-30785"	"AJ229"	"Australia"	"Oceania"	"Australia"	"AJ229"	"Homo sapiens"	"2002"	"diseased"	"urine"	"2010-03-08T08:58:24Z"	"2018-03-09T09:52:01Z"	"SAMEA882172"	"Klebsiella pneumoniae"	"AJ229-sc-2010-05-07-30785"	""	""	""
"ERR025150"	"ERR025150"	"ERR025150"	""	""	"ERR025150"	""	"10"	"illumina"	"_no_group_defined_"	"geo_loc_name_country"	"1"	"TRUE"	"optional"	"TRUE"	"SAMEA881988"	"Klebsiella pneumoniae"	"ILLUMINA"	"2011-03-18T00:00:00Z"	"SAMEA881988"	"ERP000165"	"QMP_M1_557-sc-2010-06-22-227683"	"QMP M1-200"	"USA"	"North America"	"USA"	"QMP M1-200"	"Bovine"	"2005"	"diseased"	"sterile"	"2011-02-14T17:17:44Z"	"2018-03-09T09:52:30Z"	"SAMEA881988"	"Klebsiella pneumoniae"	"QMP_M1_557-sc-2010-06-22-227683"	""	""	""
"ERR025465"	"ERR025465"	"ERR025465"	""	""	"ERR025465"	""	"10"	"illumina"	"_no_group_defined_"	"geo_loc_name_country"	"1"	"TRUE"	"optional"	"TRUE"	"SAMEA882199"	"Klebsiella pneumoniae"	"ILLUMINA"	"2011-03-18T00:00:00Z"	"SAMEA882199"	"ERP000165"	"ERS011805"	"UV937"	"Viet Nam"	"Asia"	"Viet Nam"	"UV937"	"Homo sapiens"	"2003"	"diseased"	"respiratory"	""	""	""	""	""	"ERS011805"	"Klebsiella pneumoniae"	""
"ERR025486"	"ERR025486"	"ERR025486"	""	""	"ERR025486"	""	"10"	"illumina"	"_no_group_defined_"	"geo_loc_name_country"	"1"	"TRUE"	"optional"	"TRUE"	"SAMEA882217"	"Klebsiella pneumoniae"	"ILLUMINA"	"2011-03-18T00:00:00Z"	"SAMEA882217"	"ERP000165"	"ERS011814"	"K35N"	"Viet Nam"	"Asia"	"Viet Nam"	"K35N"	"Homo sapiens"	"2004"	"healthy"	"respiratory"	""	""	""	""	""	"ERS011814"	"Klebsiella pneumoniae"	""
"ERR025624"	"ERR025624"	"ERR025624"	""	""	"ERR025624"	""	"10"	"illumina"	"_no_group_defined_"	"geo_loc_name_country"	"1"	"TRUE"	"optional"	"TRUE"	"SAMEA882080"	"Klebsiella pneumoniae"	"ILLUMINA"	"2011-03-18T00:00:00Z"	"SAMEA882080"	"ERP000165"	"QMP_M2_654-sc-2010-06-22-227734"	"QMP M2-654"	"USA"	"North America"	"USA"	"QMP M2-654"	"Bovine"	"2007"	"healthy"	"intestinal"	"2011-02-14T17:17:45Z"	"2018-03-09T09:52:30Z"	"SAMEA882080"	"Klebsiella pneumoniae"	"QMP_M2_654-sc-2010-06-22-227734"	""	""	""
"ERR025627"	"ERR025627"	"ERR025627"	""	""	"ERR025627"	""	"10"	"illumina"	"_no_group_defined_"	"geo_loc_name_country"	"1"	"TRUE"	"optional"	"TRUE"	"SAMEA882033"	"Klebsiella pneumoniae"	"ILLUMINA"	"2011-03-18T00:00:00Z"	"SAMEA882033"	"ERP000165"	"QMP_M2_684-sc-2010-06-22-227737"	"QMP M2-684"	"USA"	"North America"	"USA"	"QMP M2-684"	"Bovine"	"2007"	"healthy"	"intestinal"	"2011-02-14T17:17:45Z"	"2018-03-09T09:52:30Z"	"SAMEA882033"	"Klebsiella pneumoniae"	"QMP_M2_684-sc-2010-06-22-227737"	""	""	""
"ERR025098"	"ERR025098"	"ERR025098"	""	""	"ERR025098"	""	"10"	"illumina"	"_no_group_defined_"	"geo_loc_name_country"	"1"	"TRUE"	"optional"	"TRUE"	"SAMEA882077"	"Klebsiella pneumoniae"	"ILLUMINA"	"2011-03-18T00:00:00Z"	"SAMEA882077"	"ERP000165"	"AJ214-sc-2010-05-07-30779"	"AJ214"	"Australia"	"Oceania"	"Australia"	"AJ214"	"Homo sapiens"	"2002"	"diseased"	"sterile"	"2010-03-08T08:58:13Z"	"2018-03-09T09:52:01Z"	"SAMEA882077"	"Klebsiella pneumoniae"	"AJ214-sc-2010-05-07-30779"	""	""	""
"ERR025137"	"ERR025137"	"ERR025137"	""	""	"ERR025137"	""	"10"	"illumina"	"_no_group_defined_"	"geo_loc_name_country"	"1"	"TRUE"	"optional"	"TRUE"	"SAMEA882152"	"Klebsiella pneumoniae"	"ILLUMINA"	"2011-03-18T00:00:00Z"	"SAMEA882152"	"ERP000165"	"ERS011938"	"QMP M1-557"	"USA"	"North America"	"USA"	"QMP M1-557"	"Bovine"	"2005"	"diseased"	"sterile"	""	""	""	""	""	"ERS011938"	"Klebsiella pneumoniae"	""
"ERR025540"	"ERR025540"	"ERR025540"	""	""	"ERR025540"	""	"10"	"illumina"	"_no_group_defined_"	"geo_loc_name_country"	"1"	"TRUE"	"optional"	"TRUE"	"SAMEA882109"	"Klebsiella pneumoniae"	"ILLUMINA"	"2011-03-18T00:00:00Z"	"SAMEA882109"	"ERP000165"	"DM23092_04-sc-2010-06-22-227635"	"DM23092/04"	"Singapore"	"Asia"	"Singapore"	"DM23092/04"	"Homo sapiens"	"2004"	"diseased"	""	"2011-02-14T17:17:44Z"	"2018-03-09T09:52:29Z"	"SAMEA882109"	"Klebsiella pneumoniae"	"DM23092_04-sc-2010-06-22-227635"	""	""	""
"ERR025610"	"ERR025610"	"ERR025610"	""	""	"ERR025610"	""	"10"	"illumina"	"_no_group_defined_"	"geo_loc_name_country"	"1"	"TRUE"	"optional"	"TRUE"	"SAMEA882255"	"Klebsiella pneumoniae"	"ILLUMINA"	"2011-03-18T00:00:00Z"	"SAMEA882255"	"ERP000165"	"ERS011988"	"QMP M1-975"	"USA"	"North America"	"USA"	"QMP M1-975"	"Homo sapiens"	"2007"	"healthy"	"intestinal biopsy"	""	""	""	""	""	"ERS011988"	"Klebsiella pneumoniae"	""
"ERR024819"	"ERR024819"	"ERR024819"	""	""	"ERR024819"	""	"10"	"illumina"	"_no_group_defined_"	"geo_loc_name_country"	"1"	"TRUE"	"optional"	"TRUE"	"SAMEA882002"	"Klebsiella pneumoniae"	"ILLUMINA"	"2011-03-18T00:00:00Z"	"SAMEA882002"	"ERP000165"	"ERS005751"	"AJ034"	"Australia"	"Oceania"	"Australia"	"AJ034"	"Homo sapiens"	"2001"	"diseased"	"urine"	""	""	""	""	""	"ERS005751"	"Klebsiella pneumoniae"	""
"ERR024831"	"ERR024831"	"ERR024831"	""	""	"ERR024831"	""	"10"	"illumina"	"_no_group_defined_"	"geo_loc_name_country"	"1"	"TRUE"	"optional"	"TRUE"	"SAMEA882044"	"Klebsiella pneumoniae"	"ILLUMINA"	"2011-03-18T00:00:00Z"	"SAMEA882044"	"ERP000165"	"AJ094-sc-2010-05-07-30764"	"AJ094"	"Australia"	"Oceania"	"Australia"	"AJ094"	"Homo sapiens"	"2002"	"diseased"	"respiratory"	"2010-03-08T08:57:44Z"	"2018-03-09T09:52:01Z"	"SAMEA882044"	"Klebsiella pneumoniae"	"AJ094-sc-2010-05-07-30764"	""	""	""
"ERR025600"	"ERR025600"	"ERR025600"	""	""	"ERR025600"	""	"10"	"illumina"	"_no_group_defined_"	"geo_loc_name_country"	"1"	"TRUE"	"optional"	"TRUE"	"SAMEA881989"	"Klebsiella pneumoniae"	"ILLUMINA"	"2011-03-18T00:00:00Z"	"SAMEA881989"	"ERP000165"	"ERS011979"	"QMP M1-896"	"USA"	"North America"	"USA"	"QMP M1-896"	"Homo sapiens"	"2007"	"diseased"	"urine"	""	""	""	""	""	"ERS011979"	"Klebsiella pneumoniae"	""
"ERR025638"	"ERR025638"	"ERR025638"	""	""	"ERR025638"	""	"10"	"illumina"	"_no_group_defined_"	"geo_loc_name_country"	"1"	"TRUE"	"optional"	"TRUE"	"SAMEA881992"	"Klebsiella pneumoniae"	"ILLUMINA"	"2011-03-18T00:00:00Z"	"SAMEA881992"	"ERP000165"	"09_2006m-sc-2010-06-22-227747"	"09-2006m"	"Viet Nam"	"Asia"	"Viet Nam"	"09-2006m"	"Homo sapiens"	"2009"	"diseased"	"sterile"	"2011-02-14T17:17:44Z"	"2018-03-09T09:52:29Z"	"SAMEA881992"	"Klebsiella pneumoniae"	"09_2006m-sc-2010-06-22-227747"	""	""	""
"ERR025657"	"ERR025657"	"ERR025657"	""	""	"ERR025657"	""	"10"	"illumina"	"_no_group_defined_"	"geo_loc_name_country"	"1"	"TRUE"	"optional"	"TRUE"	"SAMEA882290"	"Klebsiella pneumoniae"	"ILLUMINA"	"2011-03-18T00:00:00Z"	"SAMEA882290"	"ERP000165"	"ERS012034"	"1524"	"Indonesia"	"Asia"	"Indonesia"	"1524"	"Homo sapiens"	"2005"	"diseased"	"urine"	""	""	""	""	""	"ERS012034"	"Klebsiella pneumoniae"	""
